Slug;Namn;Producent;Typ;Land;Region;Druvor;Alkohol;Pris_restaurang_exkl_moms;Pris_privatimport_inkl_moms;Volym;Artikelnummer;Kategori;Årgång;Om_vinet;Vinifiering;Jordmån;Höjd;Exponering;Ålder_vinstockar;Odling;Serveringstemperatur;Betyg;Matförslag;Status
alberto-oggero-roero-2;Roero;Alberto Oggero;Rött;Italien;Roero, Piemonte, Italien;100% Nebbiolo;14,5%;245;;;;;;Albertos Roero Nebbiolo – elegant och terroir-driven med klassiska noter av rosor, körsbär och kryddor.;25 dagars maceration i ståltankar, lagring 10 månader i slavonska ekfat (tonneaux), 12 månader på flaska.;Sand & lera;320 m ö.h.;Syd;ca 30 år;Ekologisk;ca 18°C;;;Aktiv
alberto-oggero-roero;Roero Arneis;Alberto Oggero;Vitt;Italien;Roero, Piemonte, Italien;100% Arneis;13,5%;180;;;;;;Klassisk Roero Arneis med elegant fruktighet och mineralitet som tydligt avspeglar terroiren.;Druvorna handplockas och sedan krossas 50% av druvorna och ligger sedan 5 dagar med skalkontakt. Resterande 50% pressas men har ingen skalkontakt. Juicen delas sedan upp där 50% hamnar på använd botti och 50% delas upp på ståltank och cementtank där vinet går igenom alkohol- och malolaktiskjäsning och lagras sedan i 9 månader.;Sandig;280 m ö.h.;Ost, Sydost;ca 20 år;Ekologisk;ca 12°C;;;Aktiv
alberto-oggero-sandro-dpindeta;Sandro d'Pindeta 2023;Alberto Oggero;Rött;Italien;Roero, Piemonte, Italien;100% Nebbiolo;13,5%;185;;;;;;En karaktärsfull Nebbiolo från Roero. Fruktdriven med mjuka tanniner, perfekt för vardagsdrickande.;6-7 dagars maceration i ståltankar, lagring på cementtankar i 8-9 månader och 2 månader på flaska.;Sand;280 m ö.h.;Syd;ca 20-25 år;Ekologisk;ca 16°C;;;Aktiv
alberto-oggero-valle-dei-lunghi;Valle dei Lunghi;Alberto Oggero;Vitt;Italien;Roero, Piemonte, Italien;100% Arneis;13,5%;230;;;;;;En frisk och mineralisk Arneis från Roero med noter av vita blommor, citrus och mandel.;Druvorna handplockas och pressas för att sedan ligga med skalkontakt i 12 dagar. Vinet ligger sedan på cementtank där det genomgår alkohol- och malolaktiskjäsning och lagras sedan i 8-9 månader. Vinet får sedan vila några dagar på ståltank innan buteljering och ligger sedan 2 månader i flaskan.;Sand & Lera;320 m ö.h.;Sydväst;ca 80 år;Ekologisk;ca 12°C;;;Aktiv
christian-clerget-bourgogne-rouge;Bourgogne Rouge;Domaine Christian Clerget;Rött;Frankrike;Vougeot, Bourgogne, Frankrike;100% Pinot Noir;;;;;;;;Ekologisk Bourgogne Rouge. Ren Pinot Noir vinifierad utan tillsatt jäst. 18 månader på ekfat.;Första selektering av druvorna sker i vingården och en andra selektering när druvorna kommer till vineriet. Jäsningen sker spontant utan tillsatt jäst. Punch downs och pump over regleras till årgången. Macerationen är alltid minst 3 veckor. När alkoholjäsningen är slutförd så flyttas vinet till ekfat genom gravitation och inga pumpar används. Lagras i 18 månader innan buteljering.;Lera, kalksten, diverse stenar;240 m ö.h.;;;Ekologisk;;;;Aktiv
christian-clerget-chambollemusigny-1er-cru-les-charmes;Chambolle-Musigny 1er Cru Les Charmes;Domaine Christian Clerget;Rött;Frankrike;Chambolle-Musigny, Bourgogne, Frankrike;100% Pinot Noir;;;;;;;;Premier Cru från Les Charmes – en av Chambolles finaste lägen. Silkig, komplex och med lång eftersmak.;Spontan jäsning utan tillsatt jäst. Maceration minst 3 veckor. Vinet flyttas till ekfat genom gravitation. Lagras i 18 månader.;Lera och kalksten;270 m ö.h.;;;Ekologisk;;;;Aktiv
christian-clerget-chambollemusigny-aux-croix;Chambolle-Musigny Aux Croix;Domaine Christian Clerget;Rött;Frankrike;Chambolle-Musigny, Bourgogne, Frankrike;100% Pinot Noir;;570;;;;;;Från lieu-dit Aux Croix. Mer djup och komplexitet än villages-nivån.;Spontan jäsning utan tillsatt jäst. Maceration minst 3 veckor. Vinet flyttas till ekfat genom gravitation. Lagras i 18 månader.;Lera, krita med en betydande mängd grus;250 m ö.h.;;;Ekologisk;;;;Aktiv
christian-clerget-chambollemusigny;Chambolle-Musigny;Domaine Christian Clerget;Rött;Frankrike;Chambolle-Musigny, Bourgogne, Frankrike;100% Pinot Noir;;525;;;;;;Typisk Chambolle-Musigny med blommig elegans, silkiga tanniner och röda bär.;Spontan jäsning utan tillsatt jäst. Maceration minst 3 veckor. Vinet flyttas till ekfat genom gravitation. Lagras i 18 månader.;Lera och krita;250 m ö.h.;;;Ekologisk;;;;Aktiv
christian-clerget-echezeaux-grand-cru-en-orveaux;Échezeaux Grand Cru En Orveaux;Domaine Christian Clerget;Rött;Frankrike;Vosne-Romanée, Bourgogne, Frankrike;100% Pinot Noir;;1500;;;;;;Detta vin kombinerar kraft och finess med tanniner som är tydligt närvarande, men mjuka och sammetslena. Den erbjuder förfining, längd och silkeslenhet. 100% Pinot Noir, ekologisk odling. Rankor planterade 1945-1946 på 280m höjd. Manuell skörd.;Spontan jäsning utan tillsatt jäst. Maceration minst 3 veckor. Vinet flyttas till ekfat genom gravitation. Lagras i 18 månader.;;280 m ö.h.;;;Ekologisk;;;;Aktiv
christian-clerget-moreysaintdenis;Morey-Saint-Denis;Domaine Christian Clerget;Rött;Frankrike;Morey-Saint-Denis, Bourgogne, Frankrike;100% Pinot Noir;;435;;;;;;Eleganta Pinot Noir från Morey-Saint-Denis. Strukturerad och komplex med mörka bär och kryddor.;Spontan jäsning utan tillsatt jäst. Maceration minst 3 veckor. Vinet flyttas till ekfat genom gravitation. Lagras i 18 månader.;Lera och kalksten;250 m ö.h.;;;Ekologisk;;;;Aktiv
christian-clerget-vosneromanee-les-violettes;Vosne-Romanée Les Violettes;Domaine Christian Clerget;Rött;Frankrike;Vosne-Romanée, Bourgogne, Frankrike;100% Pinot Noir;;690;;;;;;Från den poetiskt namngivna vingården Les Violettes. Vacker doft av violer, körsbär och kryddor.;Spontan jäsning utan tillsatt jäst. Maceration minst 3 veckor. Vinet flyttas till ekfat genom gravitation. Lagras i 18 månader.;Lera, kalksten, grus;260 m ö.h.;;;Ekologisk;;;;Aktiv
christian-clerget-vougeot-1er-cru-les-petits-vougeots;Vougeot 1er Cru Les Petits Vougeots;Domaine Christian Clerget;Rött;Frankrike;Vougeot, Bourgogne, Frankrike;100% Pinot Noir;;;;;;;;Premier Cru från Vougeot. Strukturerad och djup med mörk frukt och jordiga toner.;Spontan jäsning utan tillsatt jäst. Maceration minst 3 veckor. Vinet flyttas till ekfat genom gravitation. Lagras i 18 månader.;Lera och kalksten;235 m ö.h.;;;Ekologisk;;;;Aktiv
cigliano-di-sopra-chianti-classico;Chianti Classico 2022;Cigliano di Sopra;Rött;Italien;San Casciano in Val di Pesa, Toscana, Italien;100% Sangiovese;13,5%;240;;;;;;Druvorna handplockas med tuff selektering där endast dom bästa druvorna och lägena från producentens 8 olika vingårdar används där varje vingård jäser separat. 20% av druvorna behåller stjälkarna och resten avstjälkas. Spontanjäsning i öppna ståltankar, cementtanker och träfat. Macerationstiden är 20-30 dagar. Lagring sker i franska barriquer och tonneauxer i 14 månader. Ingen filtrering eller klarning. 100% Sangiovese, 13,5% alkohol. Ekologisk. Robert Parker 94p.;Druvorna handplockas med tuff selektering. 20% av druvorna behåller stjälkarna. Spontanjäsning i öppna ståltankar, cementtanker och träfat. Macerationstiden är 20-30 dagar. Lagring i franska barriquer och tonneauxer i 14 månader. Ingen filtrering eller klarning.;;;;;Ekologisk;;;;Aktiv
clos-de-la-bonnette-cisselande-vdf;Cisselande VdF 2023;Clos de la Bonnette;Rött;Frankrike;Norra Rhône, Frankrike;Syrah, Grenache;;255;;;;;;En lättare Syrah från Norra Rhône. Fruktig och kryddig med fina tanniner.;Druvorna kommer från gården i Condrieu. Efter tre veckors maceration så får vinet jäsa färdigt i barriquer där det även lagras i 12 månader. Endast använda fat. Ingen jäst tillsätts utan jäsning startar spontant. Buteljeras sedan utan filtrering.;Granit;;;;Ekologisk;;;;Aktiv
clos-de-la-bonnette-collines-rhodaniennes-syrah-vieilles-vignes;Syrah Vieilles Vignes 2023;Clos de la Bonnette;Rött;Frankrike;Norra Rhône, Frankrike;Syrah;;305;;;;;;Gamla rankor högst upp på berget. Koncentrerad Syrah med djup och komplexitet. Allt handskördat pga branta sluttningar.;Druvorna kommer från Côte-Rôtie där vingården ligger högst upp på berget. Efter tre veckors maceration så får vinet jäsa färdigt i barriquer där det även lagras i 12 månader. Endast använda fat. Ingen jäst tillsätts utan jäsning startar spontant. Buteljeras sedan med en väldigt lätt filtrering.;Gnejs, Skiffer;;;45 år;Ekologisk;;;;Aktiv
clos-de-la-bonnette-condrieu-legende-bonnetta;Condrieu Légende Bonnetta;Clos de la Bonnette;Vitt;Frankrike;Condrieu, Norra Rhône, Frankrike;Viognier;;605;;;;;;Condrieu från terrasser med utsikt över Rhône. Rik och aromatisk Viognier med aprikoser och blommor. Ekologisk.;Druvorna pressas direkt och juicen får sedan ligga i kyla i 48h innan vinet överförs via gravitationen till barriquer där vinet spontanjäser och lagras i 11-12 månader. Beroende på årgång utförs ibland bâtonnage och den malolaktiska jäsningen påbörjas direkt efter alkoholjäsningen. Buteljeras med en väldigt lätt filtrering.;Granit;;;;Ekologisk;;;;Aktiv
clos-de-la-bonnette-coterotie-prenelle;Côte-Rôtie Prenelle;Clos de la Bonnette;Rött;Frankrike;Côte-Rôtie, Norra Rhône, Frankrike;Syrah;;655;;;;;;Côte-Rôtie – en av Rhônedalens finaste appellationer. Komplex och elegant Syrah med enorm lagringskapacitet.;Macerationen sker i ståltank i 3-4 veckor med både pumping over och punch down. I de flesta årgångar så avstjälkas samtliga druvor men vissa årgångar så behövs en del av stammarna. Jäsningen är spontan och efter maceration så flyttas vinet via gravitation till barriquer där vinet lagras i 2 år. Ingen filtrering.;Gnejs, Skiffer;;;;Ekologisk;;;;Aktiv
coffinetduvernay-btardmontrachet-grand-cru;Bâtard-Montrachet Grand Cru;Domaine Coffinet-Duvernay;Vitt;Frankrike;Chassagne-Montrachet, Bourgogne, Frankrike;Chardonnay;;;;;;;;Grand Cru Bâtard-Montrachet – en av världens finaste vita viner. Majestetisk koncentration, komplexitet och lagringskapacitet.;Skörden sker för hand. Druvorna hålls direkt i en pneumatisk press som försiktigt pressar druvorna i 2 timmar vid ett tryck på 2 bar. Jäsning sker i ekfat med inhemsk jäst. Lagring på fat i 16-18 månader, därefter i ståltank 2 månader före buteljering. Ingen filtrering.;Mager stenig jord;;;30+ år;Ekologisk;;;;Aktiv
coffinetduvernay-chassagnemontrachet-1er-cru-clos-saint-jean;Chassagne-Montrachet 1er Cru Clos Saint Jean;Domaine Coffinet-Duvernay;Vitt;Frankrike;Chassagne-Montrachet, Bourgogne, Frankrike;Chardonnay;;;;;;;;Premier Cru med djup och komplexitet. Rik frukt balanserad av frisk syra.;Handplock och druvselektering i vingården. Druvorna pressas pneumatiskt i 2 timmar vid 2 bar tryck. Lagring i ekfat för jäsning med inhemsk jäst. Lagring på fat i 16-18 månader, sedan 2 månader i ståltank före buteljering. Ingen filtrering.;;;;50+ år;Ekologisk;;;;Aktiv
coffinetduvernay-chassagnemontrachet-1er-cru-dent-de-chien;Chassagne-Montrachet 1er Cru Dent de Chien;Domaine Coffinet-Duvernay;Vitt;Frankrike;Chassagne-Montrachet, Bourgogne, Frankrike;Chardonnay;;;;;;;;Dent de Chien gränsar till Bâtard-Montrachet. Exceptionellt läge med koncentration och mineralitet.;Skörden sker för hand och selektering sker redan ute i vingården. Druvorna hålls direkt i en pneumatisk press som försiktigt pressar druvorna i 2 timmar vid ett tryck på 2 bar. Lagring på ekfat med inhemsk jäst under 16-18 månader, därefter 2 månader i ståltank före buteljering. Ingen filtrering.;;;;;Ekologisk;;;;Aktiv
coffinetduvernay-chassagnemontrachet-1er-cru-les-caillerets;Chassagne-Montrachet 1er Cru Les Caillerets;Domaine Coffinet-Duvernay;Vitt;Frankrike;Chassagne-Montrachet, Bourgogne, Frankrike;Chardonnay;;;;;;;;Les Caillerets – ett av Chassagnes mest hyllade lägen. Elegant och komplex.;Manuell skörd med druvor pressade försiktigt i pneumatisk press. Jäsning sker med inhemsk jäst i ekfat. Lagring på fat i 16-18 månader, sedan i ståltank 2 månader före buteljering. Ingen filtrering.;Stenig jord;;;80+ år;Ekologisk;;;;Aktiv
coffinetduvernay-chassagnemontrachet-1er-cru-les-grands-clos;Chassagne-Montrachet 1er Cru Les Grands Clos;Domaine Coffinet-Duvernay;Vitt;Frankrike;Chassagne-Montrachet, Bourgogne, Frankrike;Chardonnay;;;;;;;;Generöst och rikt Premier Cru med bredare karaktär.;Skörden sker för hand och selektering sker redan ute i vingården. Druvorna hålls direkt i en pneumatisk press som försiktigt pressar druvorna i 2 timmar vid ett tryck på 2 bar. Lagring på ekfat under 16-18 månader och sedan i ståltank i 2 månader före buteljering. Ingen filtrering.;;;;;Ekologisk;;;;Aktiv
coffinetduvernay-chassagnemontrachet-les-blanchots-dessous;Chassagne-Montrachet Les Blanchots Dessous;Domaine Coffinet-Duvernay;Vitt;Frankrike;Chassagne-Montrachet, Bourgogne, Frankrike;Chardonnay;;;;;;;;Elegant Chassagne-Montrachet med mineralitet och citrusfrukt.;Skörden sker för hand och selektering sker redan ute i vingården. Druvorna hålls direkt i en pneumatisk press som försiktigt pressar druvorna i 2 timmar vid ett tryck på 2 bar. Juicen överförs till rostfritt stål första natten före sedimentering. Därefter lagras vinet på ekfat med inhemsk jäst i 12 månader, följt av 2 månader i ståltank före buteljering. Ingen filtrering.;;;;50+ år;Ekologisk;;;;Aktiv
coffinetduvernay-chassagnemontrachet-rouge;Chassagne-Montrachet Rouge;Domaine Coffinet-Duvernay;Rött;Frankrike;Chassagne-Montrachet, Bourgogne, Frankrike;Pinot Noir;;;;;;;;Röd Chassagne-Montrachet – en ovanlig pärla. Elegant Pinot Noir med jordiga toner.;Skörden sker för hand och selektering sker redan ute i vingården. Druvorna krossas och får sedan macerera i 10 dagar med pump over vid behov men generellt en väldigt lätt extraktion. Vinet jäser sedan på fat där det lagras minst 12 månader. Ingen filtrering sker.;;;;;Ekologisk;;;;Aktiv
coffinetduvernay-vin-de-france-assemblage;Vin de France Assemblage;Domaine Coffinet-Duvernay;Vitt;Frankrike;Chassagne-Montrachet, Bourgogne, Frankrike;Aligoté, Chardonnay;;;;;;;;En tillgänglig och charmig Chardonnay-assemblage.;Skörden sker för hand. Druvorna pressas pneumatiskt i 2 timmar vid 2 bar. Jäsning med inhemsk jäst i ekfat under 12 månader, följt av 2 månader i ståltank. Ingen filtrering.;;;;;Ekologisk;;;;Aktiv
diego-morra-barolo-del-comune-di-verduno;Barolo del Comune di Verduno;Diego Morra;Rött;Italien;Verduno, Piemonte, Italien;100% Nebbiolo;14,5%;380;;;;;;En elegant Barolo från Verduno med mjukare tanniner och floral elegans. Tillgänglig ung men med god lagringskapacitet.;Druvor är handskördade med manuellt urval. Jäsningen och macerationen genomfördes i ståltank där temperaturen begränsades till högst 26°C under 25 dagar med daglig pumping over. Efter detta lagrades vinet på endast använda tonneauxer i 24 månader.;;;;;;;;;Aktiv
diego-morra-barolo-monvigliero;Barolo Monvigliero;Diego Morra;Rött;Italien;Verduno, Piemonte, Italien;100% Nebbiolo;14,5%;545;;;;;;Monvigliero är en av Barolos mest hyllade vingårdar. Diegos kronjuvel – raffinerad, komplex och med otrolig elegans och djup.;Handskördad och noggrant manuellt urval. Jäsning och maceration i ståltank (max 30°C) under 30-35 dagar. Lagring på använda 25hL botti i 30 månader, sedan minst 6 månader på flaska.;;;;;;;;;Aktiv
diego-morra-barolo-san-lorenzo;Barolo San Lorenzo;Diego Morra;Rött;Italien;Verduno, Piemonte, Italien;100% Nebbiolo;14,5%;420;;;;;;Från den utvalda vingården San Lorenzo i Verduno. Komplex och djup med fina tanniner och lång eftersmak av rosor och kryddor.;Handskördad och noggrant manuellt urval. Jäsning och maceration sker i ståltank där temperaturen aldrig överstiger 26°C i 25 dagar med daglig pumping over. Vinet lagras sedan på franska ekfat där en del är nya och resten på sin andra passage i 24 månader.;;;;;;;;;Aktiv
diego-morra-langhe-rosato;Langhe Rosato 2022;Diego Morra;Rosé;Italien;Verduno, Piemonte, Italien;100% Nebbiolo;13,5%;120;;;;;;En elegant rosé på Nebbiolo med vacker laxrosa färg och smaker av jordgubbar, citrus och örter.;Handskördad och noggrant manuellt urval. Efter väldigt kort maceration för att få till en perfekt färgton får vinet jäsa på ståltank under temperaturkontroll där det aldrig överstiger 20°C i 25-30 dagar. Vinet lagras sedan i ståltank i 4-5 månader och avslutas med 2 månader på flaska.;;;;;;;;;Aktiv
diego-morra-verduno-pelaverga;Verduno Pelaverga 2023;Diego Morra;Rött;Italien;Verduno, Piemonte, Italien;100% Pelaverga;14%;175;;;;;;Fantastiskt exempel av Pelaverga med allt man älskar med druvan! Fylligt med rika toner av jordgubbar, hallon tillsammans med det typiska inslaget av vitpeppar. 100% Pelaverga, 14% alkohol. Handskördad och noggrant manuellt urval. Vinet jäser på ståltank under temperaturkontroll med en macerationstid på 6-8 dagar. Lagras sedan i ståltank i 4 månader och avslutas med 2 månader på flaska.;Handskördad och noggrant manuellt urval. Vinet jäser på ståltank under temperaturkontroll med en macerationstid på 6-8 dagar. Lagras sedan i ståltank i 4 månader och avslutas med 2 månader på flaska.;;;;;;;;;Aktiv
domaine-villet-chardonnay-elevage-2-an-en-fut;Chardonnay (élevage 2 an en fût);Domaine Villet;Vitt;Frankrike;Arbois, Jura, Frankrike;Chardonnay;;235;;;;;;Chardonnay lagrat 2 år på fat i Jura-tradition. Ekologiskt certifierad. Komplex med nötiga och fruktiga toner.;;;;;;Ekologisk;;;;Aktiv
domaine-villet-pinot-noir;Pinot Noir;Domaine Villet;Rött;Frankrike;Arbois, Jura, Frankrike;Pinot Noir;;305;;;;;;Elegant Pinot Noir från Jura. Ekologisk med lätt och fruktig karaktär.;;;;;;Ekologisk;;;;Aktiv
domaine-villet-poulsard;Poulsard;Domaine Villet;Rött;Frankrike;Arbois, Jura, Frankrike;Poulsard;;290;;;;;;Poulsard – Juras signaturduva. Ljus, delikat och transparent med röda bär och kryddor.;;;;;;Ekologisk;;;;Aktiv
domaine-villet-rouge-tradition;Rouge Tradition;Domaine Villet;Rött;Frankrike;Arbois, Jura, Frankrike;Pinot Noir, Poulsard, Trousseau;;290;;;;;;Traditionell Jura-blend av tre druvor. Komplex och terroir-driven.;;;;;;Ekologisk;;;;Aktiv
domaine-villet-savagnin-ouille-elevage-24-mois-en-cuve;Savagnin Ouillé (24 mois en cuve);Domaine Villet;Vitt;Frankrike;Arbois, Jura, Frankrike;Savagnin;;270;;;;;;Savagnin vinifierad ouillé (utan florhinna) i 24 månader på tank. Frisk och mineralisk.;;;;;;Ekologisk;;;;Aktiv
domaine-villet-savagnin-ouille-elevage-30-mois-en-foudre;Savagnin Ouillé (30 mois en Foudre);Domaine Villet;Vitt;Frankrike;Arbois, Jura, Frankrike;Savagnin;;300;;;;;;Savagnin lagrat 30 månader på stor ek (foudre). Mer komplexitet och djup.;;;;;;Ekologisk;;;;Aktiv
ettore-germano-alta-langa-extra-brut;Alta Langa Extra Brut 2019;Ettore Germano;Mousserande;Italien;Alta Langa, Piemonte, Italien;Pinot Noir, Chardonnay;12,5%;;;;;;;Först pressas hela klasarna och skinnen tas bort ifrån musten. Druvorna jäser sedan en stund vid låg temperatur innan en del placeras i orostade medium stora ekfat och den andra delen i ståltank. När alkoholjäsningen är klar så stannar vinet på jästfällningen under en period och det är då periodisk bâtonnage utförs. Lagras sedan på jästfällningen i minst 30 månader. 12,5% alkohol, kalkjord på 550m höjd.;Först pressas hela klasarna och skinnen tas bort ifrån musten. Druvorna jäser sedan en stund vid låg temperatur innan en del placeras i orostade medium stora ekfat och den andra delen i ståltank. Lagras sedan på jästfällningen i minst 30 månader.;Kalkjord med både kalksten och Langa stenar;550 m ö.h.;;;;;;;Aktiv
ettore-germano-alta-langa-riserva-blanc-de-blanc-pas-dose;Alta Langa Riserva Blanc de Blanc Pas Dosé;Ettore Germano;Mousserande;Italien;Alta Langa, Piemonte, Italien;Chardonnay;12,5%;440;;;;;;En ren Chardonnay-baserad mousserande utan dosage. Lång lagring på jästen ger minerala toner, frisk syra och elegant komplexitet.;Druvorna skördas för hand och pressas i hela klasar. Druvorna jäser sedan en stund vid låg temperatur innan en del placeras i tonneaux och den andra delen i ståltank. Lagras sedan på jästfällningen i minst 65 månader och inget socker tillsätts.;Sand, Stenar;500-580 m ö.h.;Sydost, Sydväst;13 år;;;;;Aktiv
ettore-germano-alta-langa-riserva-blanc-de-noir-pas-dose;Alta Langa Riserva Blanc de Noir Pas Dosé;Ettore Germano;Mousserande;Italien;Alta Langa, Piemonte, Italien;Pinot Noir;12,5%;440;;;;;;100% Pinot Noir framställd som blanc de noir utan dosage. Vinös karaktär med struktur och djup, fina bubblor och lång eftersmak.;Druvorna skördas för hand och pressas i hela klasar. Druvorna jäser sedan en stund vid låg temperatur innan en del placeras i tonneaux och den andra delen i ståltank. Efter jäsning så får vinet vila ett tag tillsammans med sin jäst och kontinuerlig bâtonnage utförs. Lagras sedan på jästfällningen i minst 65 månader och inget socker tillsätts.;Sand, Stenar;500-580 m ö.h.;Sydost, Sydväst;15 år;;;;;Aktiv
ettore-germano-barbera-dalba-superiore;Barbera d'Alba Superiore;Ettore Germano;Rött;Italien;Alba, Piemonte, Italien;100% Barbera;15%;;;;;;;En generös Barbera med rik fruktighet, mjuka tanniner och livlig syra. Lagras på stora ekfat vilket ger extra djup och komplexitet.;Druvorna är handplockade och fraktade i små korgar. Väl i vineriet så avstjälkas dom och pressas lätt för att sedan genomgå jäsningen på ståltank. Macerationstiden är ca 10 dagar för att sedan lagras på medium stora ekfat i ungefär 1 år. Vinet tappas sedan på flaska och lagras på flaska 6 månader innan vinet släpps till försäljning.;Lera och kalksten;;;;;;;;Aktiv
ettore-germano-barolo-cerretta;Barolo Cerretta 2019;Ettore Germano;Rött;Italien;Serralunga d'Alba, Piemonte, Italien;100% Nebbiolo;15%;525;;;;;;Från den berömda vingården Cerretta i Serralunga d'Alba. 100% Nebbiolo, 15% alkohol. Macereras 40-45 dagar, lagras 18-24 månader på ekfat och ytterligare 12 månader på flaska. Jordmånen består av kalksten med hög halt av aktiv kalk på 350-400m höjd med syd/sydost-exponering. James Suckling 93p, Robert Parker 94p, Jancis Robinson 17.5p, Wine Enthusiast 96p.;Druvorna är handplockade. Macerationstid 40-45 dagar, lagras sedan 18-24 månader på ekfat och ytterligare 12 månader på flaska före försäljning.;Kalksten med hög halt av aktiv kalk;350-400 m ö.h.;Syd, sydost;;;;;;Aktiv
ettore-germano-barolo-del-comune-di-serralunga-dalba;Barolo del Comune di Serralunga d'Alba;Ettore Germano;Rött;Italien;Serralunga d'Alba, Piemonte, Italien;100% Nebbiolo;14,5%;355;;;;;;En klassisk Barolo från Serralunga d'Alba, känd för sina kraftfulla och strukturerade viner. Doft av rosor, tjära och körsbär med fast tanninstruktur.;Jäsningen genomförs i ståltank med macerationstid på 20-30 dagar. Vinet lagras sedan i olika storlekar ekfat under 18-24 månader, tappas på flaska och förvaras ytterligare 6 månader innan försäljning.;Lera, kalksten med vener av sand;330-400 m ö.h.;Syd, Ost;;;;;;Aktiv
ettore-germano-barolo-lazzarito-riserva;Barolo Lazzarito Riserva;Ettore Germano;Rött;Italien;Serralunga d'Alba, Piemonte, Italien;100% Nebbiolo;14,5%;900;;;;;;En Riserva från vingården Lazzarito med minst 5 års lagring. Majestetisk Barolo med enormt djup, komplexa aromor och exceptionell lagringskapacitet.;Druvorna är handplockade och fraktade i små korgar. Druvorna avstjälkas och pressas för att sedan genomgå jäsningen på ståltank. Macerationstiden är mellan 50-60 dagar för att sedan lagras på botti (2000L ekfat) i 24-36 månader. Vinet tappas sedan på flaska och lagras på flaska innan vinet släpps till försäljning.;Kalksten, margel, andel sand och järn;320-360 m ö.h.;Syd, Sydväst;90 år;;;;;Aktiv
ettore-germano-barolo-prapo;Barolo Prapò;Ettore Germano;Rött;Italien;Serralunga d'Alba, Piemonte, Italien;100% Nebbiolo;14,5%;525;;;;;;Prapò är en av Serralungas mest klassiska vingårdar. Vinet är elegant och strukturerat med noter av körsbär, lakrits, rosor och mineraler.;"Druvorna är handplockade och fraktade i små korgar. Väl i vineriet så avstjälkas dom och pressas lätt för att sedan genomgå jäsningen på ståltank. Macerationstiden är mellan 40-45 dagar för att sedan lagras på ""botti grandi"" (2000-2500L ekfat) i 18-24 månader. Vinet tappas sedan på flaska och lagras på flaska 12 månader innan vinet släpps till försäljning.";Lera och kalksten med vener av sand;330-370 m ö.h.;Sydost;;;;;;Aktiv
ettore-germano-barolo-vignarionda;Barolo Vigna Rionda;Ettore Germano;Rött;Italien;Serralunga d'Alba, Piemonte, Italien;100% Nebbiolo;14%;1070;;;;;;Vigna Rionda anses vara en av Barolos absolut finaste vingårdar. Ett monumentalt vin med oerhörd koncentration, elegans och lagringskapacitet på decennier.;Handplockade druvor transporteras i små korgar. Efter pressning tillsammans med stjälken sker jäsning på ståltank med maceration mellan 30-40 dagar. Lagring sker på botti (2000L ekfat) i 18-24 månader, därefter på flaska i 20 månader före försäljning.;Kalkhaltig margel & lite sand;330 m ö.h.;;;;;;;Aktiv
ettore-germano-binel-langhe-bianco;Binel Langhe Bianco;Ettore Germano;Vitt;Italien;Langhe, Piemonte, Italien;Riesling Renano, Chardonnay;14%;240;;;;;;En unik blend av Chardonnay och Riesling som kombinerar fyllig frukt med frisk mineralitet. Lagras delvis på ekfat.;Pressningen sker omedelbart via pneumatisk press för mjuk saftutvinning. Jäsningen påbörjas på ståltank, där en del lagras i medelstora ekfat under 6 månader medan resten stannar på ståltank. Efter blandning lagras vinet 6 månader på flaska före försäljning.;Kalkjord med både kalksten och Langa stenar;450-550 m ö.h.;;;;;;;Aktiv
ettore-germano-herzu-langhe-riesling;Hérzu Langhe Riesling 2023;Ettore Germano;Vitt;Italien;Langhe, Piemonte, Italien;Riesling;13,5%;260;;;;;;En av Italiens mest hyllade Riesling. Hérzu betyder 'sällsynt' på piemontesisk dialekt. Kristallklar mineralitet, eleganta citrusnyanser och lång eftersmak.;Pressningen sker omedelbart. Jäsningen påbörjas på ståltank vid kontrollerad temperatur. Lagras delvis i medelstora ekfat.;Kalkjord;450-550 m ö.h.;;;;;;;Aktiv
ettore-germano-langhe-chardonnay;Langhe Chardonnay 2023;Ettore Germano;Vitt;Italien;Langhe, Piemonte, Italien;100% Chardonnay;12,5%;170;;;;;;En frisk och elegant Chardonnay från Langhe. Odlad på kalkrika jordar i Serralunga d'Alba med smaker av vit persika, citrus och en fin mineralitet.;Efter druvorna pressats så placeras dom i en ståltank för att undergå jäsning i kontrollerad temperatur, 18°C. Genomgår sedan den malolaktiska jäsningen innan vinet lagras på ståltank i 6 månader.;Kalksten och kalkhaltig jord;450-500 m ö.h.;;;;;;;Aktiv
ettore-germano-langhe-nascetta;Langhe Nascetta 2021;Ettore Germano;Vitt;Italien;Langhe, Piemonte, Italien;100% Nascetta;13,5%;240;;;;;;Nascetta är en sällsynt vit druva från Piemonte. Vinet visar aromatisk komplexitet med noter av vita blommor, örter och honung.;Druvorna skördas för hand och väl i vineriet så avstjälkas dom och krossas sedan lätt. Alkoholjäsningen sker i ståltank och vinet macererar i 10 dagar. Vinet lagras sedan på amfora i 8-10 månader innan det buteljeras.;Kalk, Kalksten, Stenar;500-560 m ö.h.;Sydost;15 år;;;;;Aktiv
ettore-germano-rosanna-extra-brut-rose-metodo-classico;Rosanna Extra Brut Rosé Metodo Classico;Ettore Germano;Mousserande;Italien;Piemonte, Italien;Nebbiolo;11,5%;240;;;;;;En charmig rosé mousserande med vacker laxrosa färg, fina bubblor och smaker av jordgubbar, hallon och blodapelsin.;Först pressas hela klasarna för att få ut tillräckligt extrakt till en ljusrosa nyans. Sedan selekterar man ut den bästa musten som sedan ska bli själva vinet. Första jäsningen sker på ståltank och den andra sker på flaska i minst 18 månader på jästfällningen.;Kalksten, marmor och lite sand;300-400 m ö.h.;;;;;;;Aktiv
fontanabianca-barbaresco-bordini;Barbaresco Bordini 2021;Fontanabianca;Rött;Italien;Neive, Piemonte, Italien;100% Nebbiolo;14%;285;;;;;;Detta eleganta vin har en tydlig doftkaraktär av viol och kryddighet. Vinet kan i munnen närmast beskrivas som förutom just elegant även lent och harmoniskt. Den röda frukten tillsammans med behagliga tanniner gör att du aldrig tvekar på ett andra glas. 100% Nebbiolo, 14% alkohol. Jäsningen sker i konformat ekfat under kontrollerad temperatur i 30 dagar och lagras sedan på stora ekfat i 15 månader. Jordmån av sand, lera & kalksten. James Suckling 94p, Robert Parker 94p, Wine Enthusiast 95p.;Jäsningen sker i konformat ekfat under kontrollerad temperatur i 30 dagar och lagras sedan på stora ekfat i 15 månader, 2 månader på cementtank för att sedan lagras 8 månader på flaska.;Sand, lera & kalksten;;;;;17-18°C;;;Aktiv
fontanabianca-barbaresco-serraboella;Barbaresco Serraboella 2020;Fontanabianca;Rött;Italien;Neive, Piemonte, Italien;100% Nebbiolo;14%;285;;;;;;Serraboella är Fontanabiancas toppcru. Ett kraftfullt och elegant vin med komplexa aromor av rosor, violer, tjära och kryddor. Utomordentlig lagringskapacitet.;Jäsningen sker i ståltank under kontrollerad temperatur i 30 dagar och lagras sedan i stora ekfat i 15 månader, 2 månader på cementtank för att sedan lagras 8 månader på flaska.;Lera & kalksten;300 m ö.h.;;ca 15 år;;ca 18°C;;;Aktiv
fontanabianca-barbaresco;Barbaresco;Fontanabianca;Rött;Italien;Neive, Piemonte, Italien;100% Nebbiolo;14%;225;;;;;;Fontanabiancas klassiska Barbaresco från Neive. Elegant och parfymerad med fina tanniner och lång eftersmak.;Jäsningen sker i ståltank under kontrollerad temperatur i 30 dagar och lagras sedan dels på stora ekfat och dels på barrique i 15 månader, 2 månader på cementtank för att sedan lagras 8 månader på flaska.;Lera & kalksten;300 m ö.h.;;ca 30 år;;ca 18°C;;;Aktiv
fontanabianca-barbera-dalba-superiore;Barbera d'Alba Superiore 2021;Fontanabianca;Rött;Italien;Neive, Piemonte, Italien;100% Barbera;14%;135;;;;;;En Barbera med generös fruktighet och frisk syra. Lagras på ekfat vilket ger extra komplexitet och djup.;Jäsningen sker i ståltank under kontrollerad temperatur och lagras sedan dels på stora ekfat och dels på barrique i 12-13 månader för att sedan lagras 6-8 månader på flaska.;Lera och kalksten;250 m ö.h.;;ca 30 år;;ca 17-18°C;;;Aktiv
fontanabianca-dolcetto-dalba;Dolcetto d'Alba 2023;Fontanabianca;Rött;Italien;Neive, Piemonte, Italien;100% Dolcetto;13%;120;;;;;;En fruktig och lättdrucken Dolcetto med smaker av mörka bär, plommon och en antydan av mandelbitterhet i avslutningen.;Jäsningen sker i ståltank under kontrollerad temperatur där även lagras i 3 månader. Sedan lagras det 3 månader i betongkar och till slut 6 månader på flaska.;Lera och kalksten;300 m ö.h.;;ca 25 år;;ca 17-18°C;;;Aktiv
fontanabianca-langhe-arneis-sommo;"Langhe Arneis ""Sommo"" 2023";Fontanabianca;Vitt;Italien;Neive, Piemonte, Italien;100% Arneis;13%;130;;;;;;En frisk och aromatisk Arneis med noter av vita blommor, persika och mandel. Perfekt som aperitif eller till lätta fishrätter.;Druvorna pressas hela och man tar sedan bara vara på musten som jäser under lägre temperatur (ca 16 grader). Detta följs av 3 månaders bâtonnage i ståltank och 2 månader på flaska.;Lera och kalksten;300 m ö.h.;;ca 15 år;;ca 12°C;;;Aktiv
fontanabianca-langhe-nebbiolo;Langhe Nebbiolo;Fontanabianca;Rött;Italien;Neive, Piemonte, Italien;100% Nebbiolo;14%;145;;;;;;En elegant och tillgänglig Nebbiolo med klassiska noter av rosor, körsbär och kryddor. Ett utmärkt insteg till Nebbiolons värld.;Jäsningen sker i ståltank under kontrollerad temperatur och lagras sedan på stora ekfat i 6 månader för att sedan lagras 6-8 månader på flaska.;Lera och kalksten;300 m ö.h.;;ca 12 år;;ca 18°C;;;Aktiv
la-famille-k-la-mere;La Mère;Domaine La Famille K;Rött;Frankrike;Morancé, Beaujolais, Frankrike;100% Gamay;13%;135;;;;;;Mellannivån i familjen. Mer struktur och djup än L'Héritière.;Druvorna skördas för hand och väljs noggrant. Vinet jäser genom semi-kolsyrejäsning i cementtank med en macerationstid på 10 dagar. Efter jäsning så lagras vinet i 8-12 månader i cement.;Lera och Kalksten;;;50+ år;Ekologisk;;;;Aktiv
la-famille-k-le-pere-blanc;Le Père Blanc;Domaine La Famille K;Vitt;Frankrike;Morancé, Beaujolais, Frankrike;100% Chardonnay;13%;155;;;;;;100% Chardonnay från Beaujolais. Frisk och elegant med citrusfrukt och mineralitet.;Druvorna skördas för hand och väljs noggrant. Druvorna pressas direkt och jäser sedan på franska barriquer. Vinet lagras sedan även på barrique i 10 månader ihop med jästfällningen med kontinuerlig bâtonnage.;Lera och Kalksten;;;20+ år;Ekologisk;;;;Aktiv
la-famille-k-le-pere-vdf-pinot-noir;Le Père VdF Pinot Noir 2022;Domaine La Famille K;Rött;Frankrike;Morancé, Beaujolais, Frankrike;100% Pinot Noir;12,5%;;;;;;;En ovanlig Pinot Noir från Beaujolais. Elegant och burgundisk i stilen.;Druvorna skördas för hand och väljs noggrant. Vinet macererar i 10 dagar och efter pressning så flyttas vinet över till franska barriquer där det spontanjäser och även lagras i 10 månader.;Lera och Kalksten;;;4+ år;Ekologisk;;;;Aktiv
la-famille-k-le-pere;Le Père Rouge 2020;Domaine La Famille K;Rött;Frankrike;Morancé, Beaujolais, Frankrike;100% Gamay;13%;145;;;;;;Mer komplex och lagringsduglig Gamay med extra djup och karaktär.;Druvorna skördas för hand och väljs noggrant. Vinet jäser genom semi-kolsyrejäsning i cementtank med en macerationstid på 10 dagar. I slutet av jäsningen så flyttas vinet över till franska använda barriquer där de lagras i 8-12 månader.;Lera och Kalksten;;;90+ år;Ekologisk;;;;Aktiv
la-famille-k-lheritiere;L'Héritière Rouge 2024;Domaine La Famille K;Rött;Frankrike;Morancé, Beaujolais, Frankrike;100% Gamay;13%;120;;;;;;Instegsvinet – fruktig och lättdrucken Gamay. Ekologiskt certifierad sedan 2022.;Druvorna skördas för hand och väljs noggrant. Vinet macererar i 7-8 dagar och så fort jäsningen är färdig som sker i cementtank så buteljeras vinet.;Lera och Kalksten;;;50+ år;Ekologisk;;;;Aktiv
la-famille-k-loncle;L'Oncle;Domaine La Famille K;Rött;Frankrike;Morancé, Beaujolais, Frankrike;100% Gamaret (Korsning mellan Reichensteiner och Gamay);13%;150;;;;;;Den ovanliga druvan Gamaret – en korsning av Reichensteiner och Gamay. Unikt vin som bara finns som rött.;Druvorna skördas för hand och väljs noggrant. Druvorna avstjälkas sedan innan det är dags för jäsning i cementtank. Macerationstiden är 10 dagar och den sista delen av jäsningen sker delvis i cementtank och delvis i franska barriquer.;Lera och Kalksten;;;25+ år;Ekologisk;;;;Aktiv
lapo-berti-barolo-del-comune-di-la-morra;Barolo del Comune di La Morra;Lapo Berti;Rött;Italien;La Morra, Piemonte, Italien;100% Nebbiolo;14,5%;545;;;;;;En hantverksmässig Barolo från La Morra. Cirka 3500 flaskor produceras totalt. Ren och ofiltrerad.;Druvorna handplockas och avstjälkas för att sedan krossas. Vinet spontanjäser med skalen i 4 veckor följt av 24 månaders lagring på använda barriquer. Vinet buteljeras sedan utan varken klarning eller filtrering.;;;;;Ekologisk;;;;Aktiv
lapo-berti-barolo-fossati;Barolo Fossati;Lapo Berti;Rött;Italien;La Morra, Piemonte, Italien;Nebbiolo;14,5%;;;;;;;Kronjuvelen – Barolo från den arrenderade vingården Fossati. Exceptionellt vin med enorm komplexitet och djup. Extremt begränsad produktion.;Druvorna handplockas och avstjälkas för att sedan krossas. Vinet spontanjäser med skalen i 4-5 veckor följt av 30 månaders lagring på använda barriquer. Vinet buteljeras sedan utan varken klarning eller filtrering.;;;;;Ekologisk;;;;Aktiv
lapo-berti-langhe-nebbiolo;Langhe Nebbiolo;Lapo Berti;Rött;Italien;La Morra, Piemonte, Italien;100% Nebbiolo;14%;;;;;;;Lapos Langhe Nebbiolo – ren, ofiltrerad och med minimalt svavel. Elegant och terroir-driven.;Druvorna handplockas och avstjälkas för att sedan krossas. Vinet spontanjäser med skalen i 3 veckor följt av 18 månaders lagring på använda barriquer. Vinet buteljeras sedan utan varken klarning eller filtrering.;;;;;Ekologisk;;;;Aktiv
martin-mullen-krover-kirchlay-auslese;Kröver Kirchlay Auslese;Weingut Martin Müllen;Vitt;Tyskland;Traben-Trarbach, Mosel, Tyskland;100% Riesling;8,5%;;;;;;;Söt Auslese med koncentrerad frukt, honung och elegant syra.;Druvorna skördas i de branta sluttningarna för hand och väljs noggrant ut. Druvorna placeras sedan i en gammal traditionell press där man varsamt pressar druvorna i ca 20 timmar. Efter pressningen så får juicen spontanjäsa på stora ekfat med enbart sin naturliga jäst.;Skiffer;;;;;;;;Aktiv
martin-mullen-krover-letterlay-spatlese-feinherb;Kröver Letterlay Spätlese Feinherb;Weingut Martin Müllen;Vitt;Tyskland;Traben-Trarbach, Mosel, Tyskland;100% Riesling;13,5%;;;;;;;Halvtorr Spätlese från Kröver Letterlay. Rik och komplex.;Druvorna skördas i de branta sluttningarna för hand och väljs noggrant ut. Druvorna placeras sedan i en gammal traditionell press där man varsamt pressar druvorna i ca 20 timmar. Efter pressningen så får juicen spontanjäsa på stora ekfat med enbart sin naturliga jäst.;Skiffer;;;;;;;;Aktiv
martin-mullen-krover-paradies-spatlese-trocken;Kröver Paradies Spätlese Trocken;Weingut Martin Müllen;Vitt;Tyskland;Traben-Trarbach, Mosel, Tyskland;100% Riesling;12,5%;;;;;;;Från vingården Kröver Paradies – torr Riesling med rik smakpalett och mineralitet.;Druvorna skördas i de branta sluttningarna för hand och väljs noggrant ut. Druvorna placeras sedan i en gammal traditionell press där man varsamt pressar druvorna i ca 20 timmar. Efter pressningen så får juicen spontanjäsa på stora ekfat med enbart sin naturliga jäst.;Skiffer;;;;;;;;Aktiv
martin-mullen-nostel-trocken;Nostel Trocken;Weingut Martin Müllen;Vitt;Tyskland;Traben-Trarbach, Mosel, Tyskland;100% Riesling;13,5%;;;;;;;Platsspecifik torr Riesling med mineralisk karaktär.;Druvorna skördas i de branta sluttningarna för hand och väljs noggrant ut. Druvorna placeras sedan i en gammal traditionell press där man varsamt pressar druvorna i ca 20 timmar. Efter pressningen så får juicen spontanjäsa på stora ekfat med enbart sin naturliga jäst.;Skiffer;;;;;;;;Aktiv
martin-mullen-riesling-revival-trocken;Riesling Revival Trocken;Weingut Martin Müllen;Vitt;Tyskland;Traben-Trarbach, Mosel, Tyskland;100% Riesling;12%;150;;;;;;Torr Riesling – frisk och mineralisk med citrus och gröna äpplen. Manuellt skördad.;Druvorna skördas i de branta sluttningarna för hand och väljs noggrant ut. Druvorna placeras sedan i en gammal traditionell press där man varsamt pressar druvorna i ca 20 timmar precis som man gjorde för 100 år sedan. Genom att pressa druvorna sakta så låter du druvorna och skalen ge ifrån sig sin totala potential av smak och aromer. Du får även med de fina tanninerna som ger vinet karaktär, längd och lagringspotential. Efter pressningen så får juicen spontanjäsa på stora ekfat med enbart sin naturliga jäst.;Skiffer;;;;;;;;Aktiv
martin-mullen-trabener-wurzgarten-kabinett-feinherb;Trabener Würzgarten Kabinett Feinherb;Weingut Martin Müllen;Vitt;Tyskland;Traben-Trarbach, Mosel, Tyskland;100% Riesling;10,5%;205;;;;;;Halvtorr Kabinett med elegant balans mellan frukt och syra.;Druvorna skördas i de branta sluttningarna för hand och väljs noggrant ut. Druvorna placeras sedan i en gammal traditionell press där man varsamt pressar druvorna i ca 20 timmar. Efter pressningen så får juicen spontanjäsa på stora ekfat med enbart sin naturliga jäst.;Skiffer;;;;;;;;Aktiv
martin-mullen-trabener-wurzgarten-spatlese-trocken;Trabener Würzgarten Spätlese Trocken 2021;Weingut Martin Müllen;Vitt;Tyskland;Traben-Trarbach, Mosel, Tyskland;Riesling;13%;220;;;;;;Spätlese-nivå Riesling från Würzgarten – torr med koncentrerad frukt och finess.;Druvorna skördas i de branta sluttningarna för hand. Druvorna placeras i en gammal traditionell press där man varsamt pressar i ca 20 timmar. Efter pressningen spontanjäser juicen på stora ekfat med enbart sin naturliga jäst.;Skiffer;;;;;;;;Aktiv
martin-mullen-trarbacher-huhnerberg-auslese;Trarbacher Hühnerberg Auslese;Weingut Martin Müllen;Vitt;Tyskland;Traben-Trarbach, Mosel, Tyskland;100% Riesling;9,5%;345;;;;;;Auslese från Hühnerberg – rik, komplex och med fantastisk balans mellan sötma och syra.;Druvorna skördas i de branta sluttningarna för hand och väljs noggrant ut. Druvorna placeras sedan i en gammal traditionell press där man varsamt pressar druvorna i ca 20 timmar. Efter pressningen så får juicen spontanjäsa på stora ekfat med enbart sin naturliga jäst.;Skiffer;;;;;;;;Aktiv
michel-rebourgeon-beaune-1er-cru-les-chouacheux;Beaune 1er Cru Les Chouacheux;Domaine Michel Rebourgeon;Rött;Frankrike;Beaune, Bourgogne, Frankrike;Pinot Noir;;435;;;;;;Premier Cru från Beaune med fin elegans och silkiga tanniner.;"Efter noggrann selektering, 7 dagar i &#x27;cold soak&#x27; innan naturlig alkoholjäsning i 14 dagar. Vinet lagras sedan 18 månader i fat varav 20% är nya.";Jord, kalksten, lera;;;65+ år;Ekologisk;;;;Aktiv
michel-rebourgeon-beaune-les-epenottes;Beaune Les Epenottes;Domaine Michel Rebourgeon;Rött;Frankrike;Pommard, Bourgogne, Frankrike;Pinot Noir;;375;;;;;;Ekologisk Pinot Noir från Beaune. Elegant och fruktig med mjuka tanniner.;"Efter noggrann selektering så avstjälkas druvorna för att sedan krossas och placeras i temperaturkontrollerade jäskärl där druvorna första får ligga 7 dagar i &#x27;cold soak&#x27; innan alkoholjäsningen som normalt pågår i 14 dagar. Ingen jäst tillsätts utan jäsningen sker helt naturligt. Vinet lagras sedan 18 månader i använda fat innan buteljering.";Sten, kalksten, lera;;;;Ekologisk;;;;Aktiv
michel-rebourgeon-pommard-1er-cru-les-arvelets;Pommard 1er Cru Les Arvelets;Domaine Michel Rebourgeon;Rött;Frankrike;Pommard, Bourgogne, Frankrike;Pinot Noir;;625;;;;;;Premier Cru Les Arvelets – kraftfull och strukturerad Pommard.;"Efter noggrann selektering, 7 dagar i &#x27;cold soak&#x27; innan naturlig alkoholjäsning i 14 dagar. Vinet lagras sedan 18 månader i använda fat.";Kalksten, sandsten;;;;Ekologisk;;;;Aktiv
michel-rebourgeon-pommard-1er-cru-les-charmots;Pommard 1er Cru Les Charmots;Domaine Michel Rebourgeon;Rött;Frankrike;Pommard, Bourgogne, Frankrike;Pinot Noir;;;;;;;;Les Charmots ger en mer charmig och elegant Pommard. Silkiga tanniner och lång eftersmak.;"Efter noggrann selektering, 7 dagar i &#x27;cold soak&#x27; innan naturlig alkoholjäsning i 14 dagar. Vinet lagras sedan 18 månader i använda fat.";Kalksten;;;60+ år;Ekologisk;;;;Aktiv
michel-rebourgeon-pommard-1er-cru-les-rugiens;Pommard 1er Cru Les Rugiens;Domaine Michel Rebourgeon;Rött;Frankrike;Pommard, Bourgogne, Frankrike;Pinot Noir;;940;;;;;;Les Rugiens är Pommards mest hyllade Premier Cru. Toppvinet – koncentrerat, djupt och med enorm lagringskapacitet.;"Efter noggrann selektering, 7 dagar i &#x27;cold soak&#x27; innan naturlig alkoholjäsning i 14 dagar. Vinet lagras sedan 18 månader i använda fat.";Kalksten;;;;Ekologisk;;;;Aktiv
michel-rebourgeon-pommard-cuvee-william;Pommard Cuvée William;Domaine Michel Rebourgeon;Rött;Frankrike;Pommard, Bourgogne, Frankrike;Pinot Noir;;505;;;;;;Williams personliga cuvée – elegant Pommard med fräschör och djup.;"Efter noggrann selektering så avstjälkas druvorna för att sedan krossas. 7 dagar i &#x27;cold soak&#x27; innan alkoholjäsningen i 14 dagar. Ingen jäst tillsätts. Vinet lagras sedan 18 månader i 100% nya stora fat innan buteljering.";Lera, sten, kalksten;;;30+ år;Ekologisk;;;;Aktiv
michel-rebourgeon-pommard-les-noizons;Pommard Les Noizons;Domaine Michel Rebourgeon;Rött;Frankrike;Pommard, Bourgogne, Frankrike;Pinot Noir;;575;;;;;;Från lieu-dit Les Noizons i Pommard. Strukturerad och terroir-driven.;"Efter noggrann selektering så avstjälkas 80-95% av druvorna beroende på årgång. 7 dagar i &#x27;cold soak&#x27; innan alkoholjäsningen i 14 dagar. Ingen jäst tillsätts. Vinet lagras sedan 18 månader i använda fat.";Kalksten, lera;;;80+ år;Ekologisk;;;;Aktiv
michel-rebourgeon-pommard-trois-terroirs;Pommard Trois Terroirs;Domaine Michel Rebourgeon;Rött;Frankrike;Pommard, Bourgogne, Frankrike;Pinot Noir;;485;;;;;;En assemblage av tre olika terroir i Pommard. Komplex och balanserad.;"Efter noggrann selektering så avstjälkas druvorna. 7 dagar i &#x27;cold soak&#x27; innan jäsningen utan tillsatt jäst i cirka 14 dagar. Vinet lagras sedan 18 månader i använda fat.";Lera, sten, kalksten;;;30+ år;Ekologisk;;;;Aktiv
mori-concetta-morino-chianti-classico;Morino Chianti Classico 2021;Mori Concetta;Rött;Italien;San Casciano in Val di Pesa, Toscana, Italien;80% Sangiovese, 10% Canaiolo, 5% Colorino, 5% Pugnitello;13,5%;180;;;;;;Ekologiskt certifierad Chianti Classico i världsklass från en liten 1,2 hektars vingård. Noggrant utvalda rankor anpassade efter jordmån, klimat och vindar.;Handskörd och noggrant manuellt urval. Sangiovese plockas och jäser för sig och resterande druvor plockas samtidigt och jäser tillsammans med en macerationstid på ca 12-18 dagar. Samtliga jäser i temperaturkontrollerade rostfria ståltankar vid 26-28°C. Vinet lagras i 12 månader i använda barriquer och avslutningsvis i 3 månader på butelj.;Lera och sand rik på kalksten och större stenar (Alberese);300 m ö.h.;Sydost;;Ekologisk;16-18°C;;;Aktiv
quinta-das-bagerias-abafado;Abafado;Quinta das Bágeiras;Starkvin;Portugal;Sangalhos, Bairrada, Portugal;Baga;;360;;;;;;Traditionellt starkvin från Bairrada. Rikt och komplext med mörk frukt och kryddor.;;;;;;;;;;Aktiv
quinta-das-bagerias-espumante-colheita-rose;Espumante Colheita Rosé 2022;Quinta das Bágeiras;Mousserande;Portugal;Sangalhos, Bairrada, Portugal;100% Baga;;120;;;;;;Rosé mousserande utan restsocker. Elegant med röda bär och frisk syra.;;;;;;;;;;Aktiv
quinta-das-bagerias-espumante-colheita;Espumante Colheita;Quinta das Bágeiras;Mousserande;Portugal;Sangalhos, Bairrada, Portugal;Maria Gomes, Bical, Cercial;;;;;;;;Traditionell mousserande utan restsocker. Handplockade druvor, producerat med traditionella metoder.;;;;;;;;;;Aktiv
quinta-das-bagerias-garrafeira-tinto;Garrafeira Tinto 2018;Quinta das Bágeiras;Rött;Portugal;Sangalhos, Bairrada, Portugal;100% Baga;;300;;;;;;Toppvinet – Garrafeira med extra lagring. Komplex och djup med enorm lagringskapacitet.;;;;;;;;;;Aktiv
quinta-das-bagerias-vinho-branco-reserva;Branco Reserva 2022;Quinta das Bágeiras;Vitt;Portugal;Sangalhos, Bairrada, Portugal;Maria Gomes, Bical;;130;;;;;;Vit Reserva från Bairrada med traditionella lokala druvor. Mineraler och citrusfrukt.;;;;;;;;;;Aktiv
quinta-das-bagerias-vinho-tinto-reserva;Tinto Reserva 2021;Quinta das Bágeiras;Rött;Portugal;Sangalhos, Bairrada, Portugal;Baga, Touriga Nacional;;145;;;;;;Kraftfull röd Reserva producerad i lagares utan tillsatt jäst. Traditionell Bairrada.;;;;;;;;;;Aktiv
quinta-do-javali-clos-bonifata-2;Clos Bonifata;Quinta do Javali;Rött;Portugal;São João da Pesqueira, Douro, Portugal;Arinto, Viosinho;12,5%;225;;;;;;Från den enskilda vingården Clos Bonifata. Komplex och terroir-driven.;Spontanjäsning med naturlig jäst i cementtank och lagras sedan ett år i cementtank tillsammans med sin jästfällning.;Skiffer, granit;600 m ö.h.;;25+ år;Biodynamisk;;;;Aktiv
quinta-do-javali-clos-fonte-do-santo;Clos Fonte do Santo;Quinta do Javali;Rött;Portugal;São João da Pesqueira, Douro, Portugal;Fältblend (30+ druvor);13%;270;;;;;;Toppvinet – från den äldsta biodynamiska vingården med rankor upp till 90 år gamla och ett 30-tal olika druvor. Exceptionellt.;Spontanjäsning med naturlig jäst i cementtank. Lagras sedan ett år i använda franska 500L ekfat.;Skiffer;400 m ö.h.;;;Biodynamisk;;;;Aktiv
quinta-do-javali-crazy-branco;Crazy Javali Branco;Quinta do Javali;Vitt;Portugal;São João da Pesqueira, Douro, Portugal;Arinto, Viosinho, Rabigato, Encruzado, Gouveio, Cercial;12%;145;;;;;;Lättsam och frisk vit från Douro. Syradriven med stor fräschör.;Spontanjäsning med naturlig jäst i ståltank med 1 veckas maceration. Pressas sedan och jäser klart i ståltank för att sedan lagras 6 månader i ståltank med jästfällningen följt av 6 månader i använda franska 500L ekfat.;Skiffer och granit;600 m ö.h.;;;Biodynamisk;;;;Aktiv
quinta-do-javali-crazy-javali-tinto;Crazy Javali Tinto;Quinta do Javali;Rött;Portugal;São João da Pesqueira, Douro, Portugal;Tinta Roriz, Tinta Barroca, Touriga Franca;12,5%;145;;;;;;Lättsamt rött – tillgängligt och fruktigt. Biodynamiskt odlat.;Spontanjäsning med naturlig jäst i cementtank och lagras sedan ett år i använda franska 500L ekfat.;Skiffer och granit;300-500 m ö.h.;;;Biodynamisk;;;;Aktiv
quinta-do-javali-pet-nat;Javali Pet Nat;Quinta do Javali;Mousserande;Portugal;São João da Pesqueira, Douro, Portugal;Tinta Roriz, Tinta Barroca, Touriga Franca;10,5%;145;;;;;;Naturlig mousserande pétillant naturel. Lekfull och ofiltrerad.;Spontanjäsning med naturlig jäst i ståltank och buteljeras innan jäsningen är färdig och får sedan jäsa klart på flaska.;Skiffer och granit;300-500 m ö.h.;;;Biodynamisk;;;;Aktiv
quinta-do-javali-tawny-port-10-year;Tawny Port 10 Year;Quinta do Javali;Starkvin;Portugal;São João da Pesqueira, Douro, Portugal;Tinta Roriz, Touriga Franca, Touriga Nacional, Tinto Cão, Tinta Barroca;19,5%;290;;;;;;10-årig Tawny från världens minsta portvinproducent. Komplex med nötter, torkad frukt och karamell.;Klasarna avstjälkas inte och pressas genom trampning. Lagras minst 10 år på ekfat.;Skiffer, granit;;;;Ekologisk;;;;Aktiv
quinta-do-javali-tawny-port;Tawny Port;Quinta do Javali;Starkvin;Portugal;São João da Pesqueira, Douro, Portugal;Tinta Roriz, Touriga Franca, Touriga Nacional, Tinto Cão, Tinta Barroca;19,5%;140;;;;;;Världens minsta producent av portvin. Lagrad uppe i Douro istället för Porto, vilket ger en mer utvecklad och knäckig karaktär.;Klasarna avstjälkas inte och pressas genom trampning. Lagras minst 5 år på ekfat.;Skiffer, granit;;;;Ekologisk;;;;Aktiv
quinta-do-javali-tinto;Javali Tinto;Quinta do Javali;Rött;Portugal;São João da Pesqueira, Douro, Portugal;Tinta Roriz, Tinta Barroca, Touriga Franca, Touriga Nacional;12,5%;145;;;;;;Elegant och syradriven röd Douro. Antonios filosofi – man ska känna växtplatsen.;Spontanjäsning med naturlig jäst i cementtank och lagras sedan ett år i använda franska ekfat à 500L.;Skiffer och granit;300-500 m ö.h.;;;Biodynamisk;;;;Aktiv
quinta-do-javali-vinhas-dos-lobatos;Vinhas dos Lobatos;Quinta do Javali;Rött;Portugal;São João da Pesqueira, Douro, Portugal;Field blend;13,5%;235;;;;;;Från vingården Vinhas dos Lobatos. Djup och koncentrerad med stor fräschör.;Spontanjäsning med naturlig jäst i cementtank och lagras sedan ett år i använda franska 500L ekfat.;Skiffer;380 m ö.h.;;60+ år;Biodynamisk;;;;Aktiv
reva-barbera-dalba-superiore;Barbera d'Alba Superiore;Réva;Rött;Italien;Monforte d'Alba, Piemonte, Italien;100% Barbera;14,5%;165;;;;;;Generös Barbera med rik frukt, frisk syra och ekfatskaraktär.;Spontanjäsning med skalen i rostfria tankar i 30 dagar. Vinet lagras sedan 9 månader på tonneaux och barriques för att sedan lagras 6 månader på flaska.;Lera och lera/sand;360-380 m ö.h.;Sydost;;Ekologisk;18-20°C;;;Aktiv
reva-barolo-cannubi;Barolo Cannubi;Réva;Rött;Italien;Barolo, Piemonte, Italien;100% Nebbiolo;15%;1050;;;;;;Cannubi är kanske Barolos mest ikoniska vingård. Raffinerad, komplex och med fantastisk elegans.;Spontan jäsning, maceration i stympade koniska kärl i 35 dagar. 24 månader på stora ekfat, tappning i augusti andra året och ytterligare lagring i flaska i 6 månader.;"Tortonian och Helvetian, Sant&#x27;Agata märgel";280 m ö.h.;Öst;;Ekologisk;ca 18°C;;;Aktiv
reva-barolo-ravera;Barolo Ravera;Réva;Rött;Italien;Monforte d'Alba, Piemonte, Italien;100% Nebbiolo;14,5%;600;;;;;;Från den eftertraktade vingården Ravera. Elegant och komplex med mineraler och lång eftersmak.;Spontan jäsning på skalen i stympade koniska ekfat i 30-35 dagar. Malolaktisk jäsning utförs i rostfritt stål. Lagring 24 månader på ekfat före tappning i augusti.;Lera och kalksten, alternerande med märgel och fossil sandsten;380 m ö.h.;Öst, sydost;;Ekologisk;ca 18°C;;;Aktiv
reva-barolo;Barolo 2021;Réva;Rött;Italien;Monforte d'Alba, Piemonte, Italien;100% Nebbiolo;14,5%;315;;;;;;Bouquet med dofter av salvia, röda bär och tobak och toner av rosor. Full kropp, elegant smak, med djupa, mjuka omslutande tanniner. 100% Nebbiolo, 14,5% alkohol. Spontanjäsning på skal i ståltankar i 30-35 dagar, lagras sedan 24 månader på ekfat. Ekologisk odling. Lagringskapacitet på 20+ år. 11 000 flaskor produceras.;Spontanjäsning på skal i ståltankar i 30-35 dagar. Lagras sedan 24 månader på ekfat. 11 000 flaskor produceras.;"Sant&#x27;Agata-märgel, Diano d&#x27;Alba-fossiler och sandsten";250-360 m ö.h.;Syd, Sydväst;;Ekologisk;ca 18°C;;;Aktiv
reva-dolcetto-dalba;Dolcetto d'Alba;Réva;Rött;Italien;Monforte d'Alba, Piemonte, Italien;100% Dolcetto;12,5%;145;;;;;;Fruktdriven och lättdrucken Dolcetto med mörka bär och en fin bitterhet i avslutningen.;Spontanjäsning med skalen i rostfria tankar i 10-15 dagar. Lagras sedan i 5 månader i rostfria ståltankar och 4 månader på flaska.;Lera och kalksten;360 m ö.h.;Syd;;Ekologisk;18-20°C;;;Aktiv
reva-langhe-bianco-grey;Langhe Bianco Grey;Réva;Vitt;Italien;Monforte d'Alba, Piemonte, Italien;70% Sauvignon Gris, 30% Sauvignon Blanc;13,5%;175;;;;;;En väldigt unik vit blend för Piemonte. Aromatisk och komplex med exotisk frukt och mineraler.;Efter skörden, som alltid sker tidigt på morgonen, tas druvorna till frysen. Där ligger dom i 72 timmar vid en temperatur av 0°C. Druvorna pressas för sig och jäser även för sig själva för att sedan blandas i en botti i 4 månader på jästfällningen med bâtonnage och sedan 2 månader i en annan botti men utan jästfällningen. Lagringen avslutas med ett år på flaska.;"""Lequio""-blandning av lera och kalksten, blandat med märgel och fossil sandsten";360-370 m ö.h.;Syd, sydost;;Ekologisk;8-12°C;;;Aktiv
reva-nebbiolo-dalba;Nebbiolo d'Alba;Réva;Rött;Italien;Monforte d'Alba, Piemonte, Italien;100% Nebbiolo;14%;150;;;;;;Drickbar direkt men klarar även lagring. Elegant Nebbiolo med rosor och körsbär.;Spontanjäsning med skalen i rostfria tankar i 17 dagar. Vinet lagras 6 månader i österrikiska ekfat och sedan 6 månader på flaska.;Lera och kalksten, alternerande med märgel och fossil sandsten;360-380 m ö.h.;Sydost;;Ekologisk;18-20°C;;;Aktiv
rudi-pichler-gruner-veltliner-achleithen-smaragd;Grüner Veltliner Achleithen Smaragd;Rudi Pichler;Vitt;Österrike;Wosendorf, Wachau, Österrike;100% Grüner Veltliner;13%;480;;;;;;Achleithen – en av Wachaus grands crus. Majestetisk GV med enormt djup och precision.;Druvorna skördas för hand och väljs noggrant ut och pressas sedan genom fottrampning. Vinet macererar i 18 timmar och jäser sedan på ståltank i 18-22°C.;Primära bergarter, gnejs;;;50+ år;;;;;Aktiv
rudi-pichler-gruner-veltliner-hochrain-smaragd;Grüner Veltliner Hochrain Smaragd;Rudi Pichler;Vitt;Österrike;Wosendorf, Wachau, Österrike;100% Grüner Veltliner;13%;345;;;;;;Hochrain ger en mer kraftfull GV med djup och komplexitet.;Druvorna skördas för hand och väljs noggrant ut och pressas sedan genom fottrampning. Vinet macererar i 12 timmar och jäser sedan på ståltank i 18-22°C.;Primära bergarter, gnejs, lösjord;;;40+ år;;;;;Aktiv
rudi-pichler-gruner-veltliner-kollmutz-smaragd;Grüner Veltliner Kollmutz Smaragd;Rudi Pichler;Vitt;Österrike;Wosendorf, Wachau, Österrike;100% Grüner Veltliner;13,5%;335;;;;;;Från den enskilda vingården Kollmutz. Djup och koncentrerad med exceptionell mineralitet.;Druvorna skördas för hand och väljs noggrant ut och pressas sedan genom fottrampning för en mjukare pressning som utlöser naturliga enzymer. Vinet macererar i 18 timmar och jäser sedan på ståltank i 18-22°C.;Primära bergarter, gnejs;;;40+ år;;;;;Aktiv
rudi-pichler-gruner-veltliner-terrassen-smaragd;Grüner Veltliner Terrassen Smaragd 2023;Rudi Pichler;Vitt;Österrike;Wosendorf, Wachau, Österrike;100% Grüner Veltliner;13%;240;;;;;;Jordmånen från flera små och utmärkta plottar får ett enhetligt uttryck i denna Smaragd: fin mineralitet, subtila fruktaromer, kryddiga toner av tobak och pepprig elegans. 100% Grüner Veltliner, 13% alkohol. Jordmån av primära bergarter, gnejs och skiffer. Rankor 20-40+ år gamla. James Suckling 94p.;Druvorna skördas för hand och pressas genom fottrampning. Vinet macererar i 18 timmar och jäser sedan på ståltank i 18-22°C.;Primära bergarter, gnejs, skiffer;;;;;;;;Aktiv
rudi-pichler-riesling-achleithen-smaragd;Riesling Achleithen Smaragd;Rudi Pichler;Vitt;Österrike;Wosendorf, Wachau, Österrike;Riesling;13%;480;;;;;;Toppvinet – Achleithen Riesling. Precis, komplex och med enorm lagringskapacitet. Rudi vill alltid komplexitet framför koncentration.;Druvorna skördas för hand och pressas genom fottrampning. Vinet macererar i 18 timmar och jäser sedan på ståltank i 18-22°C.;Primära bergarter, gnejs;;;;;;;;Aktiv
rudi-pichler-riesling-hochrain-smaragd;Riesling Hochrain Smaragd;Rudi Pichler;Vitt;Österrike;Wosendorf, Wachau, Österrike;100% Riesling;13%;345;;;;;;Kraftfull Riesling från Hochrain med koncentration och djup.;Druvorna skördas för hand och väljs noggrant ut och pressas sedan genom fottrampning. Vinet macererar i 12 timmar och jäser sedan på ståltank i 18-22°C.;Primära bergarter, gnejs, lösjord;;;20-40+ år;;;;;Aktiv
rudi-pichler-riesling-kirchweg-smaragd;Riesling Kirchweg Smaragd;Rudi Pichler;Vitt;Österrike;Wosendorf, Wachau, Österrike;100% Riesling;13%;335;;;;;;Elegant Riesling från Kirchweg. Mineraler, citrus och stenfrukt med lång eftersmak.;Druvorna skördas för hand och väljs noggrant ut och pressas sedan genom fottrampning. Vinet macererar i 12 timmar och jäser sedan på ståltank i 18-22°C.;Primära bergarter, gnejs, sand;;;20-40+ år;;;;;Aktiv
vadio-grande;Grande;Vadio;Rött;Portugal;Poutena, Bairrada, Portugal;100% Baga;13%;285;;;;;;Vadios toppvin. Koncentrerad Baga med enorm djup och komplexitet.;Varje del av skörden från de olika vingårdarna vinifieras i små delar var för sig med manuellt urval. Efter pressningen överförs vinet omedelbart till tidigare använda 500 liters ekfat där den malolaktiska jäsningen äger rum och där vinet sedan åldras i minst 12 månader. Detta vin tappas tidigare än Vadio Red för att bibehålla en högre halt av frukten.;Lerkalksten;;;;Ekologisk;ca 16-18°C;;;Aktiv
vadio-perpetuum-white-sparkling;Perpetuum Sparkling NV;Vadio;Mousserande;Portugal;Poutena, Bairrada, Portugal;60% Bical, 30% Baga, 10% Cercial;12,5%;230;;;;;;Mousserande från Bairrada med traditionella druvor. Frisk och elegant med fina bubblor.;"Solera-metod. Varje del skördas individuellt och manuellt under tidig morgon. Därefter följer en försiktig press av de hela druvklasarna. Jäsningen sker i fat och lagringen på jäsningen pågår i cirka 6 månader. Under de första månaderna av det nya året tas cirka 30% av basvinet bort för att göra den nya &#x27;tirage&#x27;. Andra jäsningen sker på flaska med minst 18 månaders lagring före degorgering.";Mestadels lerkalksten;;;;;ca 8-10°C;;;Aktiv
vadio-red;Red 2020;Vadio;Rött;Portugal;Poutena, Bairrada, Portugal;100% Baga;13%;155;;;;;;100% Baga, 13% alkohol. Jordmån av lerkalksten. Manuell skörd vid olika perioder, separat avstjälkning och lagring, jäsning med naturlig jäst, mjuk extraktion. Lagras på återanvända ekfat i minst 18 månader. Serveras vid 16-18°C. James Suckling 90p, Jancis Robinson 17p.;Manuell skörd vid olika perioder, separat avstjälkning och lagring, jäsning med naturlig jäst, mjuk extraktion. Lagras på återanvända ekfat i minst 18 månader.;Lerkalksten;;;;;16-18°C;;;Aktiv
vadio-rexarte;Rexarte;Vadio;Rött;Portugal;Poutena, Bairrada, Portugal;100% Baga;13%;630;;;;;;Från gamla rankor. Komplex och terroir-driven med exceptionell lagringskapacitet.;Vinifiering sker i små delar var för sig med manuellt urval, delvis med hela klasar. Strax efter att den alkoholhaltiga jäsningen är klar börjar lagringen i använda 500 liters franska ekfat.;Lerkalksten i en övergång till sandig kalkstensjord;;Norr;0,3 hektar, ca 1300 flaskor;Ekologisk;ca 16-18°C;;;Aktiv
vadio-rose-sparkling;Rosé Sparkling Bruto 2020;Vadio;Mousserande;Portugal;Poutena, Bairrada, Portugal;100% Baga;11%;230;;;;;;Rosé mousserande på Baga-druvan. Elegant och fruktig.;"Pressning sker av hela klasar med mycket mjuka extraktioner följs av jäsning uppdelat mellan rostfria ståltankar och använda ekfat. I februari görs den sista blandningen och &#x27;tirage&#x27; sker. Efter att den andra jäsningen är klar åldras den på flaska i minst 18 månader innan degorgementet.";Mestadels lerkalksten;;;;;ca 8-10°C;;;Aktiv
vadio-white;White 2023;Vadio;Vitt;Portugal;Poutena, Bairrada, Portugal;Cercial, Bical;13,5%;155;;;;;;Friskt och mineraliskt vitt vin som tydligt avspeglar Bairradas terroir.;Druvorna skördas på morgonen, pressas i hela klasar och vinifieras separat. Cercial jäser i ståltankar för att behålla sin aromatiska egenskap, medan Bical-druvorna jäser i använda ekfat för att lägga till komplexitet och textur. Lagring separat i 6 månader innan de blandas och tappas på flaska.;Sandjord & lerkalksten;;;;;ca 8-12°C;;;Aktiv
victor-charlot-instinct-premier-5050;Instinct Premier 50-50 NV;Victor Charlot;Mousserande;Frankrike;Moussy, Champagne, Frankrike;50% Pinot Meunier, 50% Chardonnay;12%;;;;;;;Till en början så är doften lite diskret men öppnar sedan upp sig och bjuder på en generös doft av bivax, halm och vita frukter. Med lite mer tid hittar vi pralin, mandelmassa och brioche. I munnen så möts vi av en fräschör som kommer från Chardonnay-druvorna ihop med en fin komplexitet av kanderad citrussmak, mineralitet samt plommon och stenfrukter. 50% Pinot Meunier, 50% Chardonnay, 12% alkohol. Jäst i ståltank utan malolaktisk jäsning, 30 månaders lagring på jästfällning.;Handskörd, manuellt urval före pressning. Basvinet jäser i ståltank utan malolaktisk jäsning. 80% av vinet kommer från skörden 2020 och 20% är reservvin från 2019. Lagras på jästfällning i 30 månader. Dosage 6 gram socker (Brut).;;;;;;;;;Aktiv
victor-charlot-instinct-premier-7525;Instinct Premier 75-25 NV;Victor Charlot;Mousserande;Frankrike;Moussy, Champagne, Frankrike;75% Pinot Meunier, 25% Chardonnay;12%;285;;;;;;Mer Meunier-dominerad med vinös karaktär och struktur, balanserad av Chardonnays elegans. Utan malolaktisk jäsning.;Handskörd, manuellt urval före pressning. Basvinet jäser i ståltank utan malolaktisk jäsning. 80% av vinet kommer från skörden 2020 och 20% är reservvin från 2019. Vinet lagras på sin jästfällning i 30 månader. Dosage är 6 gram socker (Brut).;;;;;;;;;Aktiv
victor-charlot-lapprivoisee;L'Apprivoisée;Victor Charlot;Mousserande;Frankrike;Moussy, Champagne, Frankrike;75% Pinot Meunier, 25% Chardonnay;12%;;;;;;;En unik cuvée med extra lagring och komplexitet. Victors nytänkande uttryck.;Handskörd, manuellt urval före pressning. Basvinet jäser i ståltank och genomgår malolaktisk jäsning. Vinet lagras på sin jästfällning under 6 år med dosage på 6 gram socker (Brut). Allt kommer från skörden 2015.;;;;;;;;;Aktiv
victor-charlot-lart-de-la-ruse;L'Art de la Ruse;Victor Charlot;Mousserande;Frankrike;Moussy, Champagne, Frankrike;100% Pinot Meunier;12%;;;;;;;Victors senaste skapelse – en Champagne med karaktär och djup.;Handskörd, manuellt urval. Vinet macererar 12-18 timmar före pressning. Basvinet jäser i ståltank utan malolaktisk jäsning. 100% av vinet kommer från skörden 2020. Vinet lagras på sin jästfällning i 20 månader. Dosage är 6 gram socker (Brut).;Kalkhaltig, lera & sandig silt;;;;;;;;Aktiv
victor-charlot-les-terres-de-la-greve;Les Terres de la Grève;Victor Charlot;Mousserande;Frankrike;Moussy, Champagne, Frankrike;70% Pinot Meunier, 30% Chardonnay;12%;370;;;;;;En platsspecifik Champagne som speglar terroiren i Les Terres de la Grève.;Handskörd, manuellt urval före pressning. Basvinet jäser i ståltank utan malolaktisk jäsning. 100% av vinet kommer från skörden 2019. Vinet lagras på sin jästfällning i 30 månader. Dosage är 6 gram socker (Brut). Samtliga druvor kommer från samma vingård som ligger precis vid kyrkan i Moussy.;;;;;;;;;Aktiv
victor-charlot-noirs-de-jais;Noirs de Jais;Victor Charlot;Mousserande;Frankrike;Moussy, Champagne, Frankrike;100% Pinot Meunier;12%;300;;;;;;100% Pinot Meunier blanc de noirs. Vinös och komplex med djup och karaktär.;Handskörd, manuellt urval före pressning. Basvinet jäser i ståltank utan malolaktisk jäsning. 60% av vinet kommer från skörden 2020 och 40% är reservvin från 2019. Vinet lagras på sin jästfällning i 20 månader. Dosage är 6 gram socker (Brut).;;;;;;;;;Aktiv
villa-i-cipressi-brunello-di-montalcino;Brunello di Montalcino;Villa i Cipressi;Rött;Italien;Montalcino, Toscana, Italien;100% Brunello (Sangiovese);14%;;;;;;;Klassisk Brunello di Montalcino. Druvor från två vingårdar med helt annorlunda jordmån och mikroklimat blandas för att skapa ett rikare vin.;Handskörd, manuellt urval före pressning. Maceration och jäsning i 20/25 dagar i temperaturkontrollerade rostfria ståltankar (26/28°C). Vinet lagras i 24 månader till 60% på franska ek barrique (225L) och resterande 40% på ekfat (10/30hL) och avslutningsvis på flaska i minst 24 månader.;Kalkhaltig, lera & sandig silt;250-450 m ö.h.;;;Ekologisk;ca 18°C;;;Aktiv
villa-i-cipressi-rosso-di-montalcino;Rosso di Montalcino;Villa i Cipressi;Rött;Italien;Montalcino, Toscana, Italien;100% Brunello (Sangiovese);14%;;;;;;;Yngre brodern till Brunello. Fruktigare och mer tillgänglig men med samma kvalitativa grund. Sangiovese från två vingårdar i syd och väst Montalcino.;Handskörd, manuellt urval före pressning. Maceration och jäsning i 20-25 dagar i temperaturkontrollerade rostfria ståltankar (26/28°C). Vinet lagras i sex månader fördelat på 60% franska ek barrique (225L) och 40% ekfat (10/30hL), avslutningsvis på flaska minst 12 månader.;Kalkhaltig och lera;250-450 m ö.h.;;;Ekologisk;ca 18°C;;;Aktiv
villa-i-cipressi-zebras-brunello-di-montalcino;Zebras Brunello di Montalcino;Villa i Cipressi;Rött;Italien;Montalcino, Toscana, Italien;100% Brunello (Sangiovese);14%;;;;;;;Toppvinet – gjord på vingårdarnas allra bästa druvor. Koncentrerad och komplex med enorm lagringskapacitet.;Handskörd, manuellt urval före pressning. Maceration och jäsning i 20-25 dagar i temperaturkontrollerade rostfria ståltankar (26/28°C). Vinet lagras i 30-36 månader till 60% på franska ek barrique (225L) och resterande 40% på ekfat (10/30hL) och avslutningsvis på flaska i minst 18 månader.;Kalkhaltig, lera & sandig silt;250-450 m ö.h.;;;Ekologisk;ca 18°C;;;Aktiv
